<assembly xmlns="http://maven.apache.org/plugins/maven-assembly-plugin/assembly/1.1.2"
    xmlns:xsi="http://www.w3.org/2001/XMLSchema-instance" 
    xsi:schemaLocation="http://maven.apache.org/plugins/maven-assembly-plugin/assembly/1.1.2 http://maven.apache.org/xsd/assembly-1.1.2.xsd">
    <id>resource</id>
    <includeBaseDirectory>false</includeBaseDirectory>
    <formats>
        <!-- <format>tar.gz</format>  -->
        <format>zip</format>
    </formats>
    <fileSets>
        <fileSet>
            <directory>${project.basedir}</directory>
            <outputDirectory>resource/ProgramAB</outputDirectory>
            <excludes>
                <exclude>target/**</exclude>
                <exclude>Jenkinsfile</exclude>
            </excludes>
        </fileSet>
    </fileSets>
</assembly>
